Original Title,Cleaned Title
R2-T2: Re-Routing in Test-Time for Multimodal Mixture-of-Experts,r2-t2 re-routing test-time multimodal mixture-of-experts
Walking the Web of Concept-Class Relationships in Incrementally Trained Interpretable Models,walking web concept-class relationship incrementally trained interpretable model
Why Are Web AI Agents More Vulnerable Than Standalone LLMs? A Security Analysis,web ai agent vulnerable standalone llm security analysis
Multi-Turn Code Generation Through Single-Step Rewards,multi-turn code generation single-step reward
PhantomWiki: On-Demand Datasets for Reasoning and Retrieval Evaluation,phantomwiki on-demand datasets reasoning retrieval evaluation
When does a predictor know its own loss?,predictor know loss
Constrained Generative Modeling with Manually Bridged Diffusion Models,constrained generative modeling manually bridged diffusion model
Safety Representations for Safer Policy Learning,safety representation safer policy learning
Mixture of Structural-and-Textual Retrieval over Text-rich Graph Knowledge Bases,mixture structural-and-textual retrieval text-rich graph knowledge base
Adversarial Robustness in Parameter-Space Classifiers,adversarial robustness parameter-space classifier
Adapting Automatic Speech Recognition for Accented Air Traffic Control Communications,adapting automatic speech recognition accented air traffic control communication
An exploration of features to improve the generalisability of fake news detection models,exploration feature improve generalisability fake news detection model
Judge a Book by its Cover: Investigating Multi-Modal LLMs for Multi-Page Handwritten Document Transcription,judge book cover investigating multi-modal llm multi-page handwritten document transcription
Scalable Graph Attention-based Instance Selection via Mini-Batch Sampling and Hierarchical Hashing,scalable graph attention-based instance selection via mini-batch sampling hierarchical hashing
Conformal Tail Risk Control for Large Language Model Alignment,conformal tail risk control large language model alignment
Online Meta-learning for AutoML in Real-time (OnMAR),online meta-learning automl real-time onmar
Large Language Models as Attribution Regularizers for Efficient Model Training,large language model attribution regularizers efficient model training
"On the Importance of Reward Design in Reinforcement Learning-based Dynamic Algorithm Configuration: A Case Study on OneMax with (1+($位$,$位$))-GA",importance reward design reinforcement learning-based dynamic algorithm configuration case study onemax 位 位 -ga
Understanding the Limits of Deep Tabular Methods with Temporal Shift,understanding limit deep tabular method temporal shift
The Impact of Transparency in AI Systems on Users' Data-Sharing Intentions: A Scenario-Based Experiment,impact transparency ai system user data-sharing intention scenario-based experiment
Teasing Apart Architecture and Initial Weights as Sources of Inductive Bias in Neural Networks,teasing apart architecture initial weight source inductive bias neural network
Mixture of Experts for Recognizing Depression from Interview and Reading Tasks,mixture expert recognizing depression interview reading task
Highly Parallelized Reinforcement Learning Training with Relaxed Assignment Dependencies,highly parallelized reinforcement learning training relaxed assignment dependency
Mixture of Experts-augmented Deep Unfolding for Activity Detection in IRS-aided Systems,mixture experts-augmented deep unfolding activity detection irs-aided system
Similarity-Distance-Magnitude Universal Verification,similarity-distance-magnitude universal verification
Gradient-Guided Annealing for Domain Generalization,gradient-guided annealing domain generalization
Transfer Learning in Latent Contextual Bandits with Covariate Shift Through Causal Transportability,transfer learning latent contextual bandit covariate shift causal transportability
Your contrastive learning problem is secretly a distribution alignment problem,contrastive learning problem secretly distribution alignment problem
LimeSoDa: A Dataset Collection for Benchmarking of Machine Learning Regressors in Digital Soil Mapping,limesoda dataset collection benchmarking machine learning regressors digital soil mapping
Regional climate projections using a deep learning--based model-ranking and downscaling framework: Application to European climate zones,regional climate projection using deep learning -- based model-ranking downscaling framework application european climate zone
FlexiDiT: Your Diffusion Transformer Can Easily Generate High-Quality Samples with Less Compute,flexidit diffusion transformer easily generate high-quality sample less compute
Exploring Open-world Continual Learning with Knowns-Unknowns Knowledge Transfer,exploring open-world continual learning knowns-unknowns knowledge transfer
Identifiable Multi-View Causal Discovery Without Non-Gaussianity,identifiable multi-view causal discovery without non-gaussianity
Forward-Cooperation-Backward (FCB) learning in a Multi-Encoding Uni-Decoding neural network architecture,forward-cooperation-backward fcb learning multi-encoding uni-decoding neural network architecture
Sanity Checking Causal Representation Learning on a Simple Real-World System,sanity checking causal representation learning simple real-world system
RIZE: Regularized Imitation Learning via Distributional Reinforcement Learning,rize regularized imitation learning via distributional reinforcement learning
A Generative Model Enhanced Multi-Agent Reinforcement Learning Method for Electric Vehicle Charging Navigation,generative model enhanced multi-agent reinforcement learning method electric vehicle charging navigation
Recommendations from Sparse Comparison Data: Provably Fast Convergence for Nonconvex Matrix Factorization,recommendation sparse comparison data provably fast convergence nonconvex matrix factorization
Order-Robust Class Incremental Learning: Graph-Driven Dynamic Similarity Grouping,order-robust class incremental learning graph-driven dynamic similarity grouping
Offline Reinforcement Learning via Inverse Optimization,offline reinforcement learning via inverse optimization
Climate And Resource Awareness is Imperative to Achieving Sustainable AI (and Preventing a Global AI Arms Race),climate resource awareness imperative achieving sustainable ai preventing global ai arm race
Learning Classifiers That Induce Markets,learning classifier induce market
Learning Hamiltonian Density Using DeepONet,learning hamiltonian density using deeponet
Dam Volume Prediction Model Development Using ML Algorithms,dam volume prediction model development using ml algorithm
WaveGAS: Waveform Relaxation for Scaling Graph Neural Networks,wavegas waveform relaxation scaling graph neural network
Efficient Time Series Forecasting via Hyper-Complex Models and Frequency Aggregation,efficient time series forecasting via hyper-complex model frequency aggregation
Can Textual Gradient Work in Federated Learning?,textual gradient work federated learning
Do Sparse Autoencoders Generalize? A Case Study of Answerability,sparse autoencoders generalize case study answerability
SeisMoLLM: Advancing Seismic Monitoring via Cross-modal Transfer with Pre-trained Large Language Model,seismollm advancing seismic monitoring via cross-modal transfer pre-trained large language model
"Machine-learning for photoplethysmography analysis: Benchmarking feature, image, and signal-based approaches",machine-learning photoplethysmography analysis benchmarking feature image signal-based approach
